run_id,cagr,cum_return,max_drawdown,volatility_daily,sortino,trades_count,trades_notional,information_ratio_daily,excess_return_total,volatility,sharpe,information_ratio
ZHIPUAI_3_20251008_042846_828219,-0.051581918984833774,-0.017995712536750363,-0.1396075702942956,0.016648947322303993,-0.005653593369091157,364,463743.32292204996,-0.08568168476612502,-0.005887710462827878,0.26429384523498656,-0.06969135271639429,-1.3601545788251892
