{
  "cum_return": -0.017995712536750363,
  "max_drawdown": -0.1396075702942956,
  "volatility_daily": 0.016648947322303993,
  "sortino": -0.005653593369091157,
  "trades_count": 364,
  "trades_notional": 463743.32292204996,
  "volatility": 0.26429384523498656,
  "sharpe": -0.06969135271639429,
  "sortino_annual": -0.08974801241099402,
  "excess_return_total": -0.005887710462827878,
  "tracking_error_daily": 0.017179022794949855,
  "information_ratio_daily": -0.08568168476612502,
  "beta": -0.3804226646710976,
  "corr": -0.9589011772275491,
  "up_capture": -0.6939005367434848,
  "down_capture": -0.22877838808083392,
  "hit_ratio_active": 0.25,
  "sortino_excess": -3.972137515515694,
  "rolling_ir_63": null,
  "rolling_te_63": null,
  "rolling_ir_126": null,
  "rolling_te_126": null,
  "excess_return_annual": -0.3709257591581563,
  "tracking_error": 0.27270853249528243,
  "information_ratio": -1.3601545788251892,
  "alpha_simple": -0.3709257591581563,
  "rolling_ir_252": null,
  "rolling_te_252": null,
  "n": 4,
  "freq": "day"
}