{
  "cum_return": 0.0,
  "max_drawdown": 0.0,
  "volatility_daily": 0.0,
  "sortino": 0.0,
  "trades_count": 0,
  "trades_notional": 0.0,
  "volatility": 0.0,
  "sharpe": 0.0,
  "sortino_annual": 0.0,
  "excess_return_total": 0.0013984021298144578,
  "tracking_error_daily": 0.01240358388248889,
  "information_ratio_daily": 0.02818544509117021,
  "beta": 0.0,
  "corr": 0.0,
  "up_capture": 0.0,
  "down_capture": -0.0,
  "hit_ratio_active": 0.25,
  "sortino_excess": 1.526083721883527,
  "rolling_ir_63": null,
  "rolling_te_63": null,
  "rolling_ir_126": null,
  "rolling_te_126": null,
  "excess_return_annual": 0.08809933417831084,
  "tracking_error": 0.19690078991396764,
  "information_ratio": 0.4474300698174157,
  "alpha_simple": 0.08809933417831084,
  "rolling_ir_252": null,
  "rolling_te_252": null,
  "n": 4,
  "freq": "day"
}