{
  "cum_return": 0.001990885933889963,
  "max_drawdown": -0.13913184155645075,
  "volatility_daily": 0.015396655056470527,
  "sortino": 0.011815463876951189,
  "trades_count": 318,
  "trades_notional": 342862.457543182,
  "volatility": 0.24441432180999692,
  "sharpe": 0.14561276082419078,
  "sortino_annual": 0.1875646742596795,
  "excess_return_total": -0.007178479102647128,
  "tracking_error_daily": 0.017076249962282405,
  "information_ratio_daily": -0.10509448969332807,
  "beta": -0.36660461791704907,
  "corr": -0.9104261950360337,
  "up_capture": -0.7190256585438377,
  "down_capture": -0.17920965576218295,
  "hit_ratio_active": 0.25,
  "sortino_excess": -3.862383723255701,
  "rolling_ir_63": null,
  "rolling_te_63": null,
  "rolling_ir_126": null,
  "rolling_te_126": null,
  "excess_return_annual": -0.4522441834667691,
  "tracking_error": 0.27107706435465206,
  "information_ratio": -1.668323303350721,
  "alpha_simple": -0.4522441834667691,
  "rolling_ir_252": null,
  "rolling_te_252": null,
  "n": 4,
  "freq": "day"
}