run_id,cagr,cum_return,max_drawdown,volatility_daily,sortino,trades_count,trades_notional,information_ratio_daily,excess_return_total,volatility,sharpe,information_ratio
ZHIPUAI_2_20251008_044745_170432,0.006077850322849798,0.001990885933889963,-0.13913184155645075,0.015396655056470527,0.011815463876951189,318,342862.457543182,-0.10509448969332807,-0.007178479102647128,0.24441432180999692,0.14561276082419078,-1.668323303350721
