{
  "cum_return": -0.002252459782333127,
  "max_drawdown": -0.002252459782333127,
  "volatility": 0.02064413490477062,
  "sharpe": -9.16515138991168
}