{
  "cum_return": -0.002889960733760244,
  "max_drawdown": -0.13921169361449115,
  "volatility_daily": 0.016555039348603976,
  "sortino": 0.008087836586162526,
  "trades_count": 361,
  "trades_notional": 423224.53647457197,
  "volatility": 0.26280310236776916,
  "sharpe": 0.09862938365300157,
  "sortino_annual": 0.12839042550909396,
  "excess_return_total": -0.006983992122099658,
  "tracking_error_daily": 0.017351821676560145,
  "information_ratio_daily": -0.10062332722583882,
  "beta": -0.39274635866632984,
  "corr": -0.948293218986217,
  "up_capture": -0.7495214295075713,
  "down_capture": -0.21825931856026015,
  "hit_ratio_active": 0.25,
  "sortino_excess": -4.464949728292978,
  "rolling_ir_63": null,
  "rolling_te_63": null,
  "rolling_ir_126": null,
  "rolling_te_126": null,
  "excess_return_annual": -0.43999150369227846,
  "tracking_error": 0.2754516297007079,
  "information_ratio": -1.5973457995886662,
  "alpha_simple": -0.43999150369227846,
  "rolling_ir_252": null,
  "rolling_te_252": null,
  "n": 4,
  "freq": "day"
}