run_id,cagr,cum_return,max_drawdown,volatility_daily,sortino,trades_count,trades_notional,information_ratio_daily,excess_return_total,volatility,sharpe,information_ratio
ZHIPUAI_1_20251008_041346_226035,-0.0081569528598322,-0.002889960733760244,-0.13921169361449115,0.016555039348603976,0.008087836586162526,361,423224.53647457197,-0.10062332722583882,-0.006983992122099658,0.26280310236776916,0.09862938365300157,-1.5973457995886662
