{
  "cum_return": -0.012082431964564821,
  "max_drawdown": -0.017564773135639866,
  "volatility": 0.10607385938955059,
  "sharpe": -4.763868761764603
}