{
  "cum_return": 0.02738775042230812,
  "max_drawdown": -0.022463798722689665,
  "volatility": 0.10012685379243255,
  "sharpe": 3.1404480257153193
}