{
  "cum_return": 0.0057247302209786355,
  "max_drawdown": -0.006180379458443741,
  "volatility": 0.04138325911165999,
  "sharpe": 1.757943396849804
}